city,country,year,city,country,avg_temp,7 year MA,10 year MA,50 year MA,year,global avg_temp,7 year MA,10 year MA,50 year MA,standardized 7 year MA,standardized 10 year MA,standardized 50 year MA,standardized
Fort Worth,United States,1820,Fort Worth,United States,16.88,,,,1820,7.62,,,,,,,2.215223097
Fort Worth,United States,1821,Fort Worth,United States,17.33,,,,1821,8.09,,,,,,,2.142150803
Fort Worth,United States,1822,Fort Worth,United States,17.87,,,,1822,8.19,,,,,,,2.181929182
Fort Worth,United States,1823,Fort Worth,United States,17.46,,,,1823,7.72,,,,,,,2.261658031
Fort Worth,United States,1824,Fort Worth,United States,17.9,,,,1824,8.55,,,,,,,2.093567251
Fort Worth,United States,1825,Fort Worth,United States,18.38,,,,1825,8.39,,,,,,,2.190703218
Fort Worth,United States,1826,Fort Worth,United States,17.93,17.67857143,,,1826,8.36,8.131428571,,,2.174104006,,,2.144736842
Fort Worth,United States,1827,Fort Worth,United States,18.62,17.92714286,,,1827,8.81,8.301428571,,,2.159525039,,,2.113507378
Fort Worth,United States,1828,Fort Worth,United States,18.26,18.06,,,1828,8.17,8.312857143,,,2.172538237,,,2.23500612
Fort Worth,United States,1829,Fort Worth,United States,17.89,18.06285714,17.852,,1829,7.94,8.277142857,8.184,,2.182257508,2.181329423,,2.253148615
Fort Worth,United States,1830,Fort Worth,United States,18.68,18.23714286,18.032,,1830,8.52,8.391428571,8.274,,2.173306095,2.179357022,,2.192488263
Fort Worth,United States,1831,Fort Worth,United States,16.98,18.10571429,17.997,,1831,7.64,8.261428571,8.229,,2.191596057,2.187021509,,2.222513089
Fort Worth,United States,1832,Fort Worth,United States,17.81,18.02428571,17.991,,1832,7.45,8.127142857,8.155,,2.217788715,2.206131208,,2.390604027
Fort Worth,United States,1833,Fort Worth,United States,18.29,18.07571429,18.074,,1833,8.01,8.077142857,8.184,,2.237884683,2.208455523,,2.283395755
Fort Worth,United States,1834,Fort Worth,United States,18.5,18.05857143,18.134,,1834,8.15,7.982857143,8.144,,2.262168933,2.226669941,,2.26993865
Fort Worth,United States,1835,Fort Worth,United States,16.58,17.81857143,17.954,,1835,7.39,7.871428571,8.044,,2.263702359,2.231974142,,2.243572395
Fort Worth,United States,1836,Fort Worth,United States,16.67,17.64428571,17.828,,1836,7.7,7.837142857,7.978,,2.251367116,2.234645275,,2.164935065
Fort Worth,United States,1837,Fort Worth,United States,17.47,17.47142857,17.713,,1837,7.38,7.674285714,7.835,,2.276619509,2.260753031,,2.367208672
Fort Worth,United States,1838,Fort Worth,United States,16.54,17.40857143,17.541,,1838,7.51,7.655714286,7.769,,2.273931704,2.257819539,,2.202396804
Fort Worth,United States,1839,Fort Worth,United States,17.64,17.38428571,17.516,,1839,7.63,7.681428571,7.738,,2.263157895,2.263634014,,2.311926606
Fort Worth,United States,1840,Fort Worth,United States,17.62,17.28857143,17.41,,1840,7.8,7.651428571,7.666,,2.259522031,2.271067049,,2.258974359
Fort Worth,United States,1841,Fort Worth,United States,17.66,17.16857143,17.478,,1841,7.69,7.585714286,7.671,,2.263276836,2.27845131,,2.296488947
Fort Worth,United States,1842,Fort Worth,United States,17.98,17.36857143,17.495,,1842,8.02,7.675714286,7.728,,2.262795459,2.263845756,,2.241895262
Fort Worth,United States,1843,Fort Worth,United States,17.44,17.47857143,17.41,,1843,8.17,7.742857143,7.744,,2.257380074,2.248192149,,2.134638923
Fort Worth,United States,1844,Fort Worth,United States,17.92,17.54285714,17.352,,1844,7.65,7.781428571,7.694,,2.254451992,2.255263842,,2.34248366
Fort Worth,United States,1845,Fort Worth,United States,17.76,17.71714286,17.47,,1845,7.85,7.83,7.74,,2.26272578,2.257105943,,2.262420382
Fort Worth,United States,1846,Fort Worth,United States,18.19,17.79571429,17.622,,1846,8.55,7.961428571,7.825,,2.235241342,2.25201278,,2.12748538
Fort Worth,United States,1847,Fort Worth,United States,17.06,17.71571429,17.581,,1847,8.09,8.002857143,7.896,,2.213673688,2.226570415,,2.108776267
Fort Worth,United States,1848,Fort Worth,United States,17.4,17.67857143,17.667,,1848,7.98,8.044285714,7.943,,2.197655834,2.224222586,,2.180451128
Fort Worth,United States,1849,Fort Worth,United States,17.86,17.66142857,17.689,,1849,7.98,8.038571429,7.978,,2.197085481,2.217222361,,2.238095238
Fort Worth,United States,1850,Fort Worth,United States,17.74,17.70428571,17.701,,1850,7.9,8,7.988,,2.213035714,2.215948923,,2.24556962
Fort Worth,United States,1851,Fort Worth,United States,17.91,17.70285714,17.726,,1851,8.18,8.075714286,8.037,,2.192110384,2.205549334,,2.189486553
Fort Worth,United States,1852,Fort Worth,United States,17.4,17.65142857,17.668,,1852,8.1,8.111428571,8.045,,2.176118352,2.196146675,,2.148148148
Fort Worth,United States,1853,Fort Worth,United States,17.17,17.50571429,17.641,,1853,8.04,8.038571429,8.032,,2.17771459,2.196339641,,2.135572139
Fort Worth,United States,1854,Fort Worth,United States,18.14,17.66,17.663,,1854,8.21,8.055714286,8.088,,2.192232665,2.183852621,,2.209500609
Fort Worth,United States,1855,Fort Worth,United States,17.61,17.69,17.648,,1855,8.11,8.074285714,8.114,,2.190905874,2.175006162,,2.171393342
Fort Worth,United States,1856,Fort Worth,United States,16.93,17.55714286,17.522,,1856,8,8.077142857,8.059,,2.173682349,2.174215163,,2.11625
Fort Worth,United States,1857,Fort Worth,United States,17.31,17.49571429,17.547,,1857,7.76,8.057142857,8.026,,2.171453901,2.186269624,,2.230670103
Fort Worth,United States,1858,Fort Worth,United States,17.9,17.49428571,17.597,,1858,8.1,8.045714286,8.038,,2.174360795,2.189226176,,2.209876543
Fort Worth,United States,1859,Fort Worth,United States,17.91,17.56714286,17.602,,1859,8.25,8.067142857,8.065,,2.177616434,2.182517049,,2.170909091
Fort Worth,United States,1860,Fort Worth,United States,18.34,17.73428571,17.662,,1860,7.96,8.055714286,8.071,,2.201454159,2.188328584,,2.304020101
Fort Worth,United States,1861,Fort Worth,United States,18.41,17.77285714,17.712,,1861,7.85,8.004285714,8.038,,2.220417633,2.203533217,,2.34522293
Fort Worth,United States,1862,Fort Worth,United States,18.35,17.87857143,17.807,,1862,7.56,7.925714286,7.984,,2.255767844,2.230335671,,2.427248677
Fort Worth,United States,1863,Fort Worth,United States,17.9,18.01714286,17.88,,1863,8.11,7.941428571,7.991,,2.268753373,2.237517207,,2.207151665
Fort Worth,United States,1864,Fort Worth,United States,17.41,18.03142857,17.807,,1864,7.98,7.972857143,7.968,,2.261601863,2.234814257,,2.181704261
Fort Worth,United States,1865,Fort Worth,United States,17.95,18.03857143,17.841,,1865,8.18,7.984285714,7.975,,2.259259259,2.237115987,,2.194376528
Fort Worth,United States,1866,Fort Worth,United States,17.79,18.02142857,17.927,,1866,8.29,7.99,8.004,,2.255497944,2.239755122,,2.145958987
Fort Worth,United States,1867,Fort Worth,United States,18.45,18.03714286,18.041,,1867,8.44,8.058571429,8.072,,2.238255628,2.235009911,,2.186018957
Fort Worth,United States,1868,Fort Worth,United States,17.61,17.92285714,18.012,,1868,8.25,8.115714286,8.087,,2.208414012,2.227278348,,2.134545455
Fort Worth,United States,1869,Fort Worth,United States,16.94,17.72142857,17.915,17.7148,1869,8.43,8.24,8.105,8.014,2.150658807,2.210363973,2.210481657,2.009489917
Fort Worth,United States,1870,Fort Worth,United States,17.82,17.71,17.863,17.7336,1870,8.2,8.252857143,8.129,8.0256,2.14592349,2.19744126,2.209629187,2.173170732
Fort Worth,United States,1871,Fort Worth,United States,18.27,17.83285714,17.849,17.7524,1871,8.12,8.272857143,8.156,8.0262,2.155586255,2.188450221,2.211806334,2.25
Fort Worth,United States,1872,Fort Worth,United States,17.28,17.73714286,17.742,17.7406,1872,8.19,8.274285714,8.219,8.0262,2.143646409,2.158656771,2.210336149,2.10989011
Fort Worth,United States,1873,Fort Worth,United States,17.37,17.67714286,17.689,17.7388,1873,8.35,8.282857143,8.243,8.0388,2.134184201,2.145942011,2.206647758,2.080239521
Fort Worth,United States,1874,Fort Worth,United States,18.24,17.64714286,17.772,17.7456,1874,8.43,8.281428571,8.288,8.0364,2.130929791,2.144305019,2.208152904,2.163701068
Fort Worth,United States,1875,Fort Worth,United States,17.24,17.59428571,17.701,17.7228,1875,7.86,8.225714286,8.256,8.0258,2.138937131,2.144016473,2.208228463,2.193384224
Fort Worth,United States,1876,Fort Worth,United States,17.67,17.69857143,17.689,17.7176,1876,8.08,8.175714286,8.235,8.0202,2.16477372,2.148026715,2.209121967,2.186881188
Fort Worth,United States,1877,Fort Worth,United States,17.53,17.65714286,17.597,17.6958,1877,8.54,8.224285714,8.245,8.0148,2.146951537,2.13426319,2.207890403,2.052693208
Fort Worth,United States,1878,Fort Worth,United States,18.01,17.62,17.637,17.6908,1878,8.83,8.325714286,8.303,8.028,2.116334935,2.124171986,2.20363727,2.039637599
Fort Worth,United States,1879,Fort Worth,United States,18.37,17.77571429,17.78,17.7004,1879,8.17,8.322857143,8.277,8.0326,2.135770683,2.1481213,2.20357045,2.248470012
Fort Worth,United States,1880,Fort Worth,United States,17.75,17.83,17.773,17.6818,1880,8.12,8.29,8.269,8.0246,2.150784077,2.149353005,2.203449393,2.185960591
Fort Worth,United States,1881,Fort Worth,United States,18.17,17.82,17.763,17.7056,1881,8.27,8.267142857,8.284,8.0372,2.155520995,2.144253984,2.202956253,2.197097944
Fort Worth,United States,1882,Fort Worth,United States,18.21,17.95857143,17.856,17.7136,1882,8.13,8.305714286,8.278,8.0508,2.162194702,2.157042764,2.200228549,2.239852399
Fort Worth,United States,1883,Fort Worth,United States,17.77,17.97285714,17.896,17.7032,1883,7.98,8.291428571,8.241,8.0502,2.167643005,2.171581119,2.199100643,2.226817043
Fort Worth,United States,1884,Fort Worth,United States,17.44,17.96,17.816,17.682,1884,7.77,8.181428571,8.175,8.0426,2.195215645,2.179327217,2.19854276,2.244530245
Fort Worth,United States,1885,Fort Worth,United States,16.82,17.79,17.774,17.6868,1885,7.92,8.051428571,8.181,8.0532,2.209545777,2.172595037,2.196244971,2.123737374
Fort Worth,United States,1886,Fort Worth,United States,17.22,17.62571429,17.729,17.6978,1886,7.95,8.02,8.168,8.0582,2.197719986,2.170543585,2.196247301,2.166037736
Fort Worth,United States,1887,Fort Worth,United States,17.89,17.64571429,17.765,17.7062,1887,7.91,7.99,8.105,8.0688,2.208474879,2.191856878,2.194403133,2.261694058
Fort Worth,United States,1888,Fort Worth,United States,17.28,17.51857143,17.692,17.721,1888,8.09,7.964285714,8.031,8.0804,2.199641256,2.202963516,2.193084501,2.135970334
Fort Worth,United States,1889,Fort Worth,United States,17.71,17.44714286,17.626,17.7224,1889,8.32,7.991428571,8.046,8.0942,2.183232034,2.190653741,2.189518421,2.128605769
Fort Worth,United States,1890,Fort Worth,United States,18.5,17.55142857,17.701,17.74,1890,7.97,7.99,8.031,8.0976,2.196674414,2.204084174,2.190772575,2.321204517
Fort Worth,United States,1891,Fort Worth,United States,17.35,17.53857143,17.619,17.7338,1891,8.02,8.025714286,8.006,8.1042,2.185297259,2.200724457,2.18822339,2.163341646
Fort Worth,United States,1892,Fort Worth,United States,17.21,17.59428571,17.519,17.7184,1892,8.07,8.047142857,8,8.1052,2.186401562,2.189875,2.186053398,2.132589839
Fort Worth,United States,1893,Fort Worth,United States,18.01,17.70714286,17.543,17.7298,1893,8.06,8.062857143,8.008,8.103,2.196137491,2.190684316,2.188053807,2.234491315
Fort Worth,United States,1894,Fort Worth,United States,17.96,17.71714286,17.595,17.7306,1894,8.16,8.098571429,8.047,8.1132,2.187687423,2.186529141,2.185401568,2.200980392
Fort Worth,United States,1895,Fort Worth,United States,17.02,17.68,17.615,17.7158,1895,8.15,8.107142857,8.07,8.1192,2.180792952,2.182775713,2.18196374,2.088343558
Fort Worth,United States,1896,Fort Worth,United States,18.6,17.80714286,17.753,17.724,1896,8.21,8.091428571,8.096,8.1124,2.200741525,2.192811265,2.184803511,2.265529842
Fort Worth,United States,1897,Fort Worth,United States,17.93,17.72571429,17.757,17.7414,1897,8.29,8.137142857,8.134,8.1164,2.178370787,2.183058766,2.185870583,2.162846803
Fort Worth,United States,1898,Fort Worth,United States,17.41,17.73428571,17.77,17.7416,1898,8.18,8.16,8.143,8.1204,2.173319328,2.182242417,2.184818482,2.128361858
Fort Worth,United States,1899,Fort Worth,United States,17.59,17.78857143,17.758,17.7362,1899,8.4,8.207142857,8.151,8.1288,2.167449956,2.178628389,2.181896467,2.094047619
Fort Worth,United States,1900,Fort Worth,United States,18.08,17.79857143,17.716,17.743,1900,8.5,8.27,8.204,8.1408,2.152185179,2.159434422,2.179515527,2.127058824
Fort Worth,United States,1901,Fort Worth,United States,18.02,17.80714286,17.783,17.7452,1901,8.54,8.324285714,8.256,8.148,2.139179681,2.153948643,2.177859597,2.110070258
Fort Worth,United States,1902,Fort Worth,United States,18.03,17.95142857,17.865,17.7578,1902,8.3,8.345714286,8.279,8.152,2.150975693,2.157869308,2.178336605,2.172289157
Fort Worth,United States,1903,Fort Worth,United States,16.64,17.67142857,17.728,17.7472,1903,8.22,8.347142857,8.295,8.1556,2.117063152,2.137191079,2.176075335,2.0243309
Fort Worth,United States,1904,Fort Worth,United States,18.12,17.69857143,17.744,17.7468,1904,8.09,8.318571429,8.288,8.1532,2.127597458,2.140926641,2.17666683,2.239802225
Fort Worth,United States,1905,Fort Worth,United States,16.97,17.63571429,17.739,17.734,1905,8.23,8.325714286,8.296,8.1556,2.118222375,2.138259402,2.174456815,2.061968408
Fort Worth,United States,1906,Fort Worth,United States,17.3,17.59428571,17.609,17.7414,1906,8.38,8.322857143,8.313,8.1632,2.11397185,2.118248526,2.173338887,2.064439141
Fort Worth,United States,1907,Fort Worth,United States,18.44,17.64571429,17.66,17.764,1907,7.95,8.244285714,8.279,8.167,2.140356957,2.133107863,2.175094894,2.319496855
Fort Worth,United States,1908,Fort Worth,United States,18.24,17.67714286,17.743,17.7708,1908,8.19,8.194285714,8.28,8.1688,2.157252441,2.142874396,2.175448046,2.227106227
Fort Worth,United States,1909,Fort Worth,United States,18.62,17.76142857,17.846,17.785,1909,8.18,8.177142857,8.258,8.1674,2.17208246,2.161055946,2.177559566,2.276283619
Fort Worth,United States,1910,Fort Worth,United States,18.49,18.02571429,17.887,17.788,1910,8.22,8.177142857,8.23,8.1726,2.204402516,2.173390036,2.176541125,2.249391727
Fort Worth,United States,1911,Fort Worth,United States,19.11,18.16714286,17.996,17.802,1911,8.18,8.19,8.194,8.1792,2.218210361,2.196241152,2.176496479,2.336185819
Fort Worth,United States,1912,Fort Worth,United States,17.1,18.18571429,17.903,17.777,1912,8.17,8.181428571,8.181,8.1914,2.222804261,2.188363281,2.170202896,2.093023256
Fort Worth,United States,1913,Fort Worth,United States,17.57,18.22428571,17.996,17.7704,1913,8.3,8.17,8.189,8.1952,2.230634726,2.197582122,2.168391253,2.11686747
Fort Worth,United States,1914,Fort Worth,United States,17.75,18.12571429,17.959,17.7772,1914,8.59,8.261428571,8.239,8.2074,2.194016946,2.179754825,2.16599654,2.066356228
Fort Worth,United States,1915,Fort Worth,United States,17.67,18.04428571,18.029,17.7716,1915,8.59,8.318571429,8.275,8.2156,2.169156792,2.178731118,2.163153026,2.057043073
Fort Worth,United States,1916,Fort Worth,United States,18.23,17.98857143,18.122,17.7804,1916,8.23,8.325714286,8.26,8.2144,2.160603981,2.193946731,2.164540319,2.215066829
Fort Worth,United States,1917,Fort Worth,United States,17.3,17.81857143,18.008,17.7574,1917,8.02,8.297142857,8.267,8.206,2.147555096,2.178299262,2.163953205,2.157107232
Fort Worth,United States,1918,Fort Worth,United States,18.2,17.68857143,18.004,17.7692,1918,8.13,8.29,8.261,8.2036,2.133723936,2.179397167,2.166024672,2.238622386
Fort Worth,United States,1919,Fort Worth,United States,17.41,17.73285714,17.883,17.7786,1919,8.38,8.32,8.281,8.2026,2.131353022,2.159521797,2.167434716,2.077565632
Fort Worth,United States,1920,Fort Worth,United States,17.55,17.73,17.789,17.7732,1920,8.36,8.328571429,8.295,8.2058,2.128816467,2.144544907,2.165931414,2.099282297
Fort Worth,United States,1921,Fort Worth,United States,19.48,17.97714286,17.826,17.7974,1921,8.57,8.325714286,8.334,8.2148,2.159231297,2.138948884,2.166504358,2.273045508
Fort Worth,United States,1922,Fort Worth,United States,18.6,18.11,17.976,17.8238,1922,8.41,8.3,8.358,8.2192,2.181927711,2.150753769,2.168556551,2.211652794
Fort Worth,United States,1923,Fort Worth,United States,18.15,18.09857143,18.034,17.8394,1923,8.42,8.327142857,8.37,8.2206,2.173443129,2.154599761,2.170084909,2.155581948
Fort Worth,United States,1924,Fort Worth,United States,17.48,18.12428571,18.007,17.8242,1924,8.51,8.397142857,8.362,8.2222,2.158387207,2.153432193,2.167813967,2.054054054
Fort Worth,United States,1925,Fort Worth,United States,18.98,18.23571429,18.138,17.859,1925,8.53,8.454285714,8.356,8.2356,2.156978709,2.170655816,2.168512312,2.225087925
Fort Worth,United States,1926,Fort Worth,United States,17.62,18.26571429,18.077,17.858,1926,8.73,8.504285714,8.406,8.2486,2.147824626,2.150487747,2.16497345,2.018327606
Fort Worth,United States,1927,Fort Worth,United States,18.79,18.44285714,18.226,17.8832,1927,8.52,8.527142857,8.456,8.2482,2.162841347,2.155392621,2.168133653,2.205399061
Fort Worth,United States,1928,Fort Worth,United States,17.93,18.22142857,18.199,17.8816,1928,8.63,8.535714286,8.506,8.2442,2.134728033,2.139548554,2.168991533,2.077636153
Fort Worth,United States,1929,Fort Worth,United States,17.58,18.07571429,18.216,17.8658,1929,8.24,8.511428571,8.492,8.2456,2.123699228,2.14507772,2.166707092,2.133495146
Fort Worth,United States,1930,Fort Worth,United States,18.04,18.06,18.265,17.8716,1930,8.63,8.541428571,8.519,8.2558,2.114400401,2.14403099,2.164732673,2.090382387
Fort Worth,United States,1931,Fort Worth,United States,18.57,18.21571429,18.174,17.8796,1931,8.72,8.571428571,8.534,8.2648,2.125166667,2.12959925,2.163343336,2.129587156
Fort Worth,United States,1932,Fort Worth,United States,17.99,18.07428571,18.113,17.8752,1932,8.71,8.597142857,8.564,8.2764,2.102359588,2.115016348,2.159779614,2.065442021
Fort Worth,United States,1933,Fort Worth,United States,19.34,18.32,18.232,17.9066,1933,8.34,8.541428571,8.556,8.2836,2.144840274,2.130902291,2.161692984,2.318944844
Fort Worth,United States,1934,Fort Worth,United States,19.34,18.39857143,18.418,17.9446,1934,8.63,8.557142857,8.568,8.3008,2.150083472,2.149626517,2.161791635,2.241019699
Fort Worth,United States,1935,Fort Worth,United States,18.09,18.42142857,18.329,17.97,1935,8.52,8.541428571,8.567,8.3128,2.15671517,2.139488736,2.161726494,2.123239437
Fort Worth,United States,1936,Fort Worth,United States,18.21,18.51142857,18.388,17.9898,1936,8.55,8.585714286,8.549,8.3248,2.156073211,2.150894842,2.160988853,2.129824561
Fort Worth,United States,1937,Fort Worth,United States,17.94,18.49714286,18.303,17.9908,1937,8.7,8.595714286,8.567,8.3406,2.151902942,2.136453834,2.157015083,2.062068966
Fort Worth,United States,1938,Fort Worth,United States,19.12,18.57571429,18.422,18.0276,1938,8.86,8.615714286,8.59,8.356,2.156027193,2.144586729,2.157443753,2.158013544
Fort Worth,United States,1939,Fort Worth,United States,19.16,18.74285714,18.58,18.0566,1939,8.76,8.622857143,8.642,8.3648,2.173624917,2.149965286,2.158640972,2.187214612
Fort Worth,United States,1940,Fort Worth,United States,17.19,18.43571429,18.495,18.0304,1940,8.76,8.682857143,8.655,8.3806,2.123231326,2.136915078,2.151445004,1.962328767
Fort Worth,United States,1941,Fort Worth,United States,18.27,18.28285714,18.465,18.0488,1941,8.77,8.702857143,8.66,8.3956,2.100787919,2.13221709,2.149792749,2.083238312
Fort Worth,United States,1942,Fort Worth,United States,17.94,18.26142857,18.46,18.0634,1942,8.73,8.732857143,8.662,8.4088,2.091117291,2.131147541,2.148154315,2.054982818
Fort Worth,United States,1943,Fort Worth,United States,18.42,18.29142857,18.368,18.0716,1943,8.76,8.762857143,8.704,8.4228,2.087381806,2.110294118,2.145557297,2.102739726
Fort Worth,United States,1944,Fort Worth,United States,18.4,18.35714286,18.274,18.0804,1944,8.85,8.784285714,8.726,8.4366,2.089770694,2.094201238,2.143090819,2.079096045
Fort Worth,United States,1945,Fort Worth,United States,18.06,18.20571429,18.271,18.1012,1945,8.58,8.744285714,8.732,8.4452,2.082012743,2.09241869,2.143371383,2.104895105
Fort Worth,United States,1946,Fort Worth,United States,18.91,18.17,18.341,18.1074,1946,8.68,8.732857143,8.745,8.4546,2.0806478,2.09731275,2.141721666,2.178571429
Fort Worth,United States,1947,Fort Worth,United States,17.96,18.28,18.343,18.108,1947,8.8,8.738571429,8.755,8.4648,2.091875102,2.095145631,2.139211795,2.040909091
Fort Worth,United States,1948,Fort Worth,United States,18.26,18.27857143,18.257,18.125,1948,8.75,8.735714286,8.744,8.4762,2.092395748,2.08794602,2.138340294,2.086857143
Fort Worth,United States,1949,Fort Worth,United States,18.05,18.29428571,18.146,18.1342,1949,8.59,8.715714286,8.727,8.48,2.099000164,2.079294145,2.138466981,2.101280559
Fort Worth,United States,1950,Fort Worth,United States,18.15,18.25571429,18.242,18.1356,1950,8.37,8.66,8.688,8.4774,2.108050148,2.099677716,2.139287989,2.168458781
Fort Worth,United States,1951,Fort Worth,United States,18.63,18.28857143,18.278,18.1478,1951,8.63,8.628571429,8.674,8.4792,2.119536424,2.10721697,2.140272667,2.158748552
Fort Worth,United States,1952,Fort Worth,United States,18.85,18.40142857,18.369,18.1642,1952,8.64,8.637142857,8.665,8.486,2.130499504,2.119907675,2.140490219,2.181712963
Fort Worth,United States,1953,Fort Worth,United States,18.82,18.38857143,18.409,18.2078,1953,8.87,8.664285714,8.676,8.499,2.122341303,2.121830337,2.142346158,2.121758737
Fort Worth,United States,1954,Fort Worth,United States,19.67,18.63285714,18.536,18.2388,1954,8.56,8.63,8.647,8.5084,2.159079623,2.14363363,2.143622773,2.297897196
Fort Worth,United States,1955,Fort Worth,United States,18.73,18.7,18.603,18.274,1955,8.63,8.612857143,8.652,8.5164,2.171172665,2.150138696,2.145742332,2.170336037
Fort Worth,United States,1956,Fort Worth,United States,19.36,18.88714286,18.648,18.3152,1956,8.28,8.568571429,8.612,8.5144,2.204234745,2.165350673,2.15108522,2.338164251
Fort Worth,United States,1957,Fort Worth,United States,18.1,18.88,18.662,18.3084,1957,8.73,8.62,8.605,8.53,2.19025522,2.168739105,2.146354045,2.073310424
Fort Worth,United States,1958,Fort Worth,United States,17.63,18.73714286,18.599,18.2962,1958,8.77,8.64,8.607,8.5416,2.168650794,2.160915534,2.142010864,2.010262258
Fort Worth,United States,1959,Fort Worth,United States,17.75,18.58,18.569,18.2788,1959,8.73,8.652857143,8.621,8.5526,2.147267624,2.153926459,2.13722143,2.033218786
Fort Worth,United States,1960,Fort Worth,United States,17.71,18.42142857,18.525,18.2632,1960,8.58,8.611428571,8.642,8.5598,2.139183809,2.143601018,2.133601252,2.064102564
Fort Worth,United States,1961,Fort Worth,United States,17.68,18.13714286,18.43,18.2346,1961,8.8,8.645714286,8.659,8.5722,2.097818903,2.128421296,2.127178554,2.009090909
Fort Worth,United States,1962,Fort Worth,United States,18.32,18.07857143,18.377,18.259,1962,8.75,8.662857143,8.67,8.5838,2.086906332,2.119607843,2.127146485,2.093714286
Fort Worth,United States,1963,Fort Worth,United States,18.84,18.00428571,18.379,18.2844,1963,8.86,8.745714286,8.669,8.595,2.058640967,2.120083055,2.127329843,2.126410835
Fort Worth,United States,1964,Fort Worth,United States,18.38,18.04428571,18.25,18.297,1964,8.41,8.7,8.654,8.5914,2.074055829,2.108851398,2.129687827,2.18549346
Fort Worth,United States,1965,Fort Worth,United States,18.54,18.17428571,18.231,18.3144,1965,8.53,8.665714286,8.644,8.5902,2.097263436,2.109093012,2.132010896,2.173505275
Fort Worth,United States,1966,Fort Worth,United States,17.61,18.15428571,18.056,18.302,1966,8.6,8.647142857,8.676,8.5976,2.099454816,2.081143384,2.1287336,2.047674419
Fort Worth,United States,1967,Fort Worth,United States,18.33,18.24285714,18.079,18.3226,1967,8.7,8.664285714,8.673,8.6112,2.105523495,2.084515162,2.127763842,2.106896552
Fort Worth,United States,1968,Fort Worth,United States,17.36,18.19714286,18.052,18.3058,1968,8.52,8.624285714,8.648,8.619,2.109988405,2.087419056,2.123889082,2.037558685
Fort Worth,United States,1969,Fort Worth,United States,18.15,18.17285714,18.092,18.3206,1969,8.6,8.602857143,8.635,8.6234,2.112421123,2.095193978,2.12452165,2.110465116
Fort Worth,United States,1970,Fort Worth,United States,17.91,18.04,18.112,18.3278,1970,8.7,8.58,8.647,8.6302,2.102564103,2.094599283,2.123681954,2.05862069
Fort Worth,United States,1971,Fort Worth,United States,18.51,18.05857143,18.195,18.3084,1971,8.6,8.607142857,8.627,8.6308,2.098091286,2.109076156,2.121286555,2.152325581
Fort Worth,United States,1972,Fort Worth,United States,18.31,18.02571429,18.194,18.3026,1972,8.5,8.602857143,8.602,8.6326,2.09531717,2.115089514,2.12017237,2.154117647
Fort Worth,United States,1973,Fort Worth,United States,17.98,18.07857143,18.108,18.2992,1973,8.95,8.652857143,8.611,8.6432,2.089318144,2.10289165,2.117178823,2.008938547
Fort Worth,United States,1974,Fort Worth,United States,18.26,18.06857143,18.096,18.3148,1974,8.47,8.62,8.617,8.6424,2.096121975,2.100034815,2.119179857,2.155844156
Fort Worth,United States,1975,Fort Worth,United States,17.95,18.15285714,18.037,18.2942,1975,8.74,8.651428571,8.638,8.6466,2.09824967,2.088099097,2.115768048,2.053775744
Fort Worth,United States,1976,Fort Worth,United States,17.45,18.05285714,18.021,18.2908,1976,8.35,8.615714286,8.613,8.639,2.09534074,2.092302334,2.117235791,2.089820359
Fort Worth,United States,1977,Fort Worth,United States,18.88,18.19142857,18.076,18.2926,1977,8.85,8.637142857,8.628,8.6456,2.106185908,2.095039407,2.115827704,2.133333333
Fort Worth,United States,1978,Fort Worth,United States,17.82,18.09285714,18.122,18.2904,1978,8.69,8.65,8.645,8.6468,2.091659785,2.096240602,2.115279641,2.050632911
Fort Worth,United States,1979,Fort Worth,United States,17.11,17.92142857,18.018,18.281,1979,8.73,8.682857143,8.658,8.6566,2.064001316,2.081081081,2.11179909,1.959908362
Fort Worth,United States,1980,Fort Worth,United States,18.77,18.03428571,18.104,18.2956,1980,8.98,8.687142857,8.686,8.6636,2.075974346,2.084273544,2.111778014,2.090200445
Fort Worth,United States,1981,Fort Worth,United States,18.41,18.05571429,18.094,18.2924,1981,9.17,8.787142857,8.743,8.6726,2.054787839,2.069541347,2.109217536,2.007633588
Fort Worth,United States,1982,Fort Worth,United States,18.17,18.08714286,18.08,18.296,1982,8.64,8.772857143,8.757,8.6712,2.061716333,2.064634007,2.109973245,2.103009259
Fort Worth,United States,1983,Fort Worth,United States,17.2,18.05142857,18.002,18.2532,1983,9.03,8.87,8.765,8.685,2.035110324,2.053850542,2.101692573,1.904761905
Fort Worth,United States,1984,Fort Worth,United States,18.47,17.99285714,18.023,18.2358,1984,8.69,8.847142857,8.787,8.6862,2.03374778,2.051098213,2.099399047,2.12543153
Fort Worth,United States,1985,Fort Worth,United States,18.22,18.05,18.05,18.2384,1985,8.66,8.842857143,8.779,8.689,2.041195477,2.056042829,2.099021752,2.103926097
Fort Worth,United States,1986,Fort Worth,United States,18.83,18.29571429,18.188,18.2508,1986,8.83,8.857142857,8.827,8.6946,2.065645161,2.060496205,2.099095991,2.132502831
Fort Worth,United States,1987,Fort Worth,United States,18.28,18.22571429,18.128,18.2576,1987,8.99,8.858571429,8.841,8.7004,2.057410095,2.050446782,2.098478231,2.033370412
Fort Worth,United States,1988,Fort Worth,United States,18.19,18.19428571,18.165,18.239,1988,9.2,8.862857143,8.892,8.7072,2.052869117,2.042847503,2.094703234,1.977173913
Fort Worth,United States,1989,Fort Worth,United States,17.48,18.09571429,18.202,18.2054,1989,8.92,8.902857143,8.911,8.7104,2.032573813,2.042643923,2.090076231,1.959641256
Fort Worth,United States,1990,Fort Worth,United States,18.97,18.34857143,18.222,18.241,1990,9.23,8.931428571,8.936,8.7198,2.054382598,2.039167413,2.091905778,2.055254605
Fort Worth,United States,1991,Fort Worth,United States,18.47,18.34857143,18.228,18.245,1991,9.18,9.001428571,8.937,8.728,2.038406602,2.039610608,2.090398717,2.011982571
Fort Worth,United States,1992,Fort Worth,United States,18.19,18.34428571,18.23,18.25,1992,8.84,9.027142857,8.957,8.7302,2.032125336,2.03527967,2.090444663,2.057692308
Fort Worth,United States,1993,Fort Worth,United States,17.82,18.2,18.292,18.238,1993,8.87,9.032857143,8.941,8.7324,2.014866361,2.045856168,2.088543814,2.009019166
Fort Worth,United States,1994,Fort Worth,United States,18.31,18.20428571,18.276,18.2362,1994,9.04,9.04,8.976,8.7362,2.01374842,2.036096257,2.087429317,2.025442478
Fort Worth,United States,1995,Fort Worth,United States,18.45,18.24142857,18.299,18.244,1995,9.35,9.061428571,9.045,8.7516,2.013085291,2.023106689,2.084647379,1.973262032
Fort Worth,United States,1996,Fort Worth,United States,18.43,18.37714286,18.259,18.2344,1996,9.04,9.078571429,9.066,8.7588,2.024232887,2.014008383,2.081837695,2.038716814
Fort Worth,United States,1997,Fort Worth,United States,17.85,18.21714286,18.216,18.2322,1997,9.2,9.074285714,9.087,8.7668,2.007556675,2.004621987,2.079687001,1.940217391
Fort Worth,United States,1998,Fort Worth,United States,19.85,18.41428571,18.382,18.264,1998,9.52,9.122857143,9.119,8.7822,2.01847792,2.015791205,2.079661133,2.085084034
Fort Worth,United States,1999,Fort Worth,United States,19.61,18.61714286,18.595,18.2952,1999,9.29,9.187142857,9.156,8.7962,2.026434458,2.030908694,2.079898138,2.110871905
Fort Worth,United States,2000,Fort Worth,United States,18.9,18.77142857,18.588,18.3102,2000,9.2,9.234285714,9.153,8.8128,2.03279703,2.030809571,2.077682462,2.054347826
Fort Worth,United States,2001,Fort Worth,United States,18.55,18.80571429,18.596,18.3086,2001,9.41,9.287142857,9.176,8.8284,2.024919243,2.026591107,2.073829913,1.97130712
Fort Worth,United States,2002,Fort Worth,United States,18.19,18.76857143,18.596,18.2954,2002,9.57,9.318571429,9.249,8.847,2.01410394,2.01059574,2.067977846,1.900731452
Fort Worth,United States,2003,Fort Worth,United States,18.55,18.78571429,18.669,18.29,2003,9.53,9.388571429,9.315,8.8602,2.000912964,2.004186795,2.064287488,1.946484785
Fort Worth,United States,2004,Fort Worth,United States,18.58,18.89,18.696,18.2682,2004,9.32,9.405714286,9.343,8.8754,2.008353584,2.00107032,2.058295964,1.993562232
Fort Worth,United States,2005,Fort Worth,United States,19.13,18.78714286,18.764,18.2762,2005,9.7,9.431428571,9.378,8.8968,1.99197213,2.00085306,2.054244223,1.972164948
Fort Worth,United States,2006,Fort Worth,United States,19.85,18.82142857,18.906,18.286,2006,9.53,9.465714286,9.427,8.9218,1.988379113,2.005516071,2.049586406,2.082896118
Fort Worth,United States,2007,Fort Worth,United States,18.42,18.75285714,18.963,18.2924,2007,9.73,9.541428571,9.48,8.9418,1.965413984,2.000316456,2.045717864,1.89311408
Fort Worth,United States,2008,Fort Worth,United States,18.52,18.74857143,18.83,18.3102,2008,9.43,9.544285714,9.471,8.955,1.96437659,1.988174427,2.044690117,1.963944857
Fort Worth,United States,2009,Fort Worth,United States,18.42,18.78142857,18.711,18.3236,2009,9.51,9.535714286,9.493,8.9706,1.969588015,1.971031286,2.042628141,1.936908517
Fort Worth,United States,2010,Fort Worth,United States,18.69,18.80142857,18.69,18.3432,2010,9.7,9.56,9.543,8.993,1.966676629,1.958503615,2.039719782,1.926804124
Fort Worth,United States,2011,Fort Worth,United States,19.69,18.96,18.804,18.3834,2011,9.52,9.588571429,9.554,9.0074,1.977353993,1.968180867,2.040921909,2.068277311
Fort Worth,United States,2012,Fort Worth,United States,19.99,19.08285714,18.984,18.4168,2012,9.51,9.561428571,9.548,9.0226,1.995816525,1.988269795,2.041185468,2.101997897
Fort Worth,United States,2013,Fort Worth,United States,20.45,19.16857143,19.174,18.449,2013,9.61,9.572857143,9.556,9.0376,2.002387703,2.00648807,2.041360538,2.127991675
